12/25/2013,12/25/2013,1600.1,99.20,1
12/25/2013,12/25/2013,1600.2,99.20,1
12/25/2013,12/25/2013,1600.3,99.20,1
12/25/2013,12/25/2013,1600.4,99.20,2
12/25/2013,12/25/2013,1600.5,99.20,1
12/25/2013,12/25/2013,1600.6,99.17,1
12/25/2013,12/25/2013,1600.7,99.16,1
12/25/2013,12/25/2013,1600.8,99.16,1
12/25/2013,12/25/2013,1600.9,99.16,1
12/25/2013,12/25/2013,1600.10,99.16,1
12/25/2013,12/25/2013,1600.11,99.16,1
12/25/2013,12/25/2013,1600.12,99.15,3
12/25/2013,12/25/2013,1600.13,99.19,1
12/25/2013,12/25/2013,1600.14,99.15,1
12/25/2013,12/25/2013,1600.15,99.18,1
12/25/2013,12/25/2013,1600.16,99.19,1
12/25/2013,12/25/2013,1600.17,99.19,1
12/25/2013,12/25/2013,1600.18,99.20,1
12/25/2013,12/25/2013,1600.19,99.21,1
12/25/2013,12/25/2013,1600.20,99.21,1
12/25/2013,12/25/2013,1600.21,99.21,1
12/25/2013,12/25/2013,1600.22,99.21,1
12/25/2013,12/25/2013,1600.23,99.21,1
12/25/2013,12/25/2013,1600.24,99.20,1
12/25/2013,12/25/2013,1600.25,99.18,1
12/25/2013,12/25/2013,1600.26,99.18,1
12/25/2013,12/25/2013,1600.27,99.16,1
12/25/2013,12/25/2013,1601.28,99.16,1
12/25/2013,12/25/2013,1601.29,99.15,1
12/25/2013,12/25/2013,1601.30,99.15,1
12/25/2013,12/25/2013,1601.31,99.16,1
12/25/2013,12/25/2013,1601.32,99.17,1
12/25/2013,12/25/2013,1601.33,99.15,1
12/25/2013,12/25/2013,1602.34,99.14,1
12/25/2013,12/25/2013,1602.35,99.13,1
12/25/2013,12/25/2013,1602.36,99.15,1
12/25/2013,12/25/2013,1602.37,99.15,1
12/25/2013,12/25/2013,1602.38,99.13,4
12/25/2013,12/25/2013,1602.39,99.13,1
12/25/2013,12/25/2013,1602.40,99.13,1
12/25/2013,12/25/2013,1602.41,99.12,1
12/25/2013,12/25/2013,1602.42,99.12,1
12/25/2013,12/25/2013,1602.43,99.12,5
12/25/2013,12/25/2013,1602.44,99.12,1
12/25/2013,12/25/2013,1602.45,99.11,8
12/25/2013,12/25/2013,1602.46,99.11,2
12/25/2013,12/25/2013,1602.47,99.11,1
12/25/2013,12/25/2013,1602.48,99.11,1
12/25/2013,12/25/2013,1603.49,99.09,1
12/25/2013,12/25/2013,1603.50,99.09,1
12/25/2013,12/25/2013,1603.51,99.08,1
12/25/2013,12/25/2013,1603.52,99.08,1
12/25/2013,12/25/2013,1603.53,99.08,1
12/25/2013,12/25/2013,1603.54,99.09,1
12/25/2013,12/25/2013,1603.55,99.08,1
12/25/2013,12/25/2013,1603.56,99.07,1
12/25/2013,12/25/2013,1603.57,99.07,1
12/25/2013,12/25/2013,1603.58,99.11,1
12/25/2013,12/25/2013,1604.59,99.11,1
12/25/2013,12/25/2013,1604.60,99.10,1
12/25/2013,12/25/2013,1604.61,99.11,1
12/25/2013,12/25/2013,1604.62,99.10,1
12/25/2013,12/25/2013,1604.63,99.11,1
12/25/2013,12/25/2013,1604.64,99.11,1
12/25/2013,12/25/2013,1604.65,99.06,1
12/25/2013,12/25/2013,1604.66,99.06,1
12/25/2013,12/25/2013,1604.67,99.05,1
12/25/2013,12/25/2013,1604.68,99.07,1
12/25/2013,12/25/2013,1605.69,99.09,1
12/25/2013,12/25/2013,1605.70,99.06,1
12/25/2013,12/25/2013,1605.71,99.07,1
12/25/2013,12/25/2013,1606.72,99.09,1
12/25/2013,12/25/2013,1606.73,99.07,1
12/25/2013,12/25/2013,1606.74,99.06,1
12/25/2013,12/25/2013,1606.75,99.10,1
12/25/2013,12/25/2013,1606.76,99.10,1
12/25/2013,12/25/2013,1607.77,99.09,1
12/25/2013,12/25/2013,1608.78,99.07,1
12/25/2013,12/25/2013,1608.79,99.07,1
12/25/2013,12/25/2013,1608.80,99.08,1
12/25/2013,12/25/2013,1610.81,99.08,1
12/25/2013,12/25/2013,1610.82,99.06,2
12/25/2013,12/25/2013,1610.83,99.06,1
12/25/2013,12/25/2013,1610.84,99.05,1
12/25/2013,12/25/2013,1612.85,99.07,1
12/25/2013,12/25/2013,1612.86,99.06,1
12/25/2013,12/25/2013,1612.87,99.06,1
12/25/2013,12/25/2013,1613.88,99.07,1
12/25/2013,12/25/2013,1614.89,99.09,1
12/25/2013,12/25/2013,1615.90,99.09,1
12/25/2013,12/25/2013,1615.91,99.10,1
12/25/2013,12/25/2013,1615.92,99.10,2
12/25/2013,12/25/2013,1616.93,99.10,1
12/25/2013,12/25/2013,1617.94,99.10,1
12/25/2013,12/25/2013,1617.95,99.10,1
12/25/2013,12/25/2013,1618.96,99.10,1
12/25/2013,12/25/2013,1619.97,99.10,1
12/25/2013,12/25/2013,1620.98,99.10,1
12/25/2013,12/25/2013,1621.99,99.13,2
12/25/2013,12/25/2013,1623.100,99.11,1
12/25/2013,12/25/2013,1623.101,99.12,1
12/25/2013,12/25/2013,1623.102,99.12,1
12/25/2013,12/25/2013,1623.103,99.12,1
12/25/2013,12/25/2013,1623.104,99.13,1
12/25/2013,12/25/2013,1624.105,99.10,1
12/25/2013,12/25/2013,1624.106,99.10,1
12/25/2013,12/25/2013,1624.107,99.10,3
12/25/2013,12/25/2013,1624.108,99.10,1
12/25/2013,12/25/2013,1624.109,99.10,1
12/25/2013,12/25/2013,1624.110,99.10,1
12/25/2013,12/25/2013,1624.111,99.10,1
12/25/2013,12/25/2013,1624.112,99.10,1
12/25/2013,12/25/2013,1624.113,99.12,1
12/25/2013,12/25/2013,1624.114,99.10,1
12/25/2013,12/25/2013,1624.115,99.12,1
12/25/2013,12/25/2013,1624.116,99.10,1
12/25/2013,12/25/2013,1625.117,99.12,1
12/25/2013,12/25/2013,1625.118,99.12,1
12/25/2013,12/25/2013,1625.119,99.13,1
12/25/2013,12/25/2013,1625.120,99.14,1
12/25/2013,12/25/2013,1626.121,99.12,1
12/25/2013,12/25/2013,1626.122,99.13,1
12/25/2013,12/25/2013,1627.123,99.14,1
12/25/2013,12/25/2013,1627.124,99.14,1
12/25/2013,12/25/2013,1627.125,99.15,1
12/25/2013,12/25/2013,1627.126,99.15,1
12/25/2013,12/25/2013,1627.127,99.15,1
12/25/2013,12/25/2013,1627.128,99.15,1
12/25/2013,12/25/2013,1627.129,99.15,1
12/25/2013,12/25/2013,1627.130,99.15,1
12/25/2013,12/25/2013,1627.131,99.15,1
12/25/2013,12/25/2013,1627.132,99.15,1
12/25/2013,12/25/2013,1627.133,99.15,1
12/25/2013,12/25/2013,1627.134,99.15,1
12/25/2013,12/25/2013,1629.135,99.14,1
12/25/2013,12/25/2013,1630.136,99.13,1
12/25/2013,12/25/2013,1631.137,99.13,1
12/25/2013,12/25/2013,1642.138,99.11,1
12/25/2013,12/25/2013,1645.139,99.12,1
12/25/2013,12/25/2013,1646.140,99.10,1
12/25/2013,12/25/2013,1646.141,99.09,1
12/25/2013,12/25/2013,1651.142,99.09,1
12/25/2013,12/25/2013,1652.143,99.09,1
12/25/2013,12/25/2013,1652.144,99.10,1
12/25/2013,12/25/2013,1656.145,99.10,1
12/25/2013,12/25/2013,1700.146,99.08,1
12/25/2013,12/25/2013,1700.147,99.08,1
12/25/2013,12/25/2013,1700.148,99.09,1
12/25/2013,12/25/2013,1700.149,99.09,1
12/25/2013,12/25/2013,1701.150,99.10,1
12/25/2013,12/25/2013,1703.151,99.09,1
12/25/2013,12/25/2013,1706.152,99.10,6
12/25/2013,12/25/2013,1706.153,99.10,2
12/25/2013,12/25/2013,1707.154,99.11,1
12/25/2013,12/25/2013,1707.155,99.12,1
12/25/2013,12/25/2013,1707.156,99.11,1
12/25/2013,12/25/2013,1707.157,99.11,1
12/25/2013,12/25/2013,1707.158,99.10,1
12/25/2013,12/25/2013,1707.159,99.10,2
12/25/2013,12/25/2013,1707.160,99.10,1
12/25/2013,12/25/2013,1707.161,99.09,1
12/25/2013,12/25/2013,1707.162,99.09,1
12/25/2013,12/25/2013,1707.163,99.09,1
12/25/2013,12/25/2013,1707.164,99.09,1
12/25/2013,12/25/2013,1707.165,99.09,1
12/25/2013,12/25/2013,1707.166,99.09,1
12/25/2013,12/25/2013,1707.167,99.08,1
12/25/2013,12/25/2013,1708.168,99.08,1
12/25/2013,12/25/2013,1708.169,99.08,1
12/25/2013,12/25/2013,1708.170,99.08,1
12/25/2013,12/25/2013,1709.171,99.09,1
12/25/2013,12/25/2013,1710.172,99.08,1
12/25/2013,12/25/2013,1711.173,99.08,1
12/25/2013,12/25/2013,1711.174,99.07,1
12/25/2013,12/25/2013,1716.175,99.09,1
12/25/2013,12/25/2013,1716.176,99.09,1
12/25/2013,12/25/2013,1717.177,99.08,1
12/25/2013,12/25/2013,1717.178,99.09,5
12/25/2013,12/25/2013,1717.179,99.09,1
12/25/2013,12/25/2013,1717.180,99.09,1
12/25/2013,12/25/2013,1718.181,99.10,1
12/25/2013,12/25/2013,1721.182,99.10,1
12/25/2013,12/25/2013,1727.183,99.11,1
12/25/2013,12/25/2013,1727.184,99.11,1
12/25/2013,12/25/2013,1727.185,99.11,1
12/25/2013,12/25/2013,1732.186,99.12,1
12/25/2013,12/25/2013,1732.187,99.12,1
12/25/2013,12/25/2013,1733.188,99.13,1
12/25/2013,12/25/2013,1733.189,99.13,1
12/25/2013,12/25/2013,1733.190,99.13,1
12/25/2013,12/25/2013,1733.191,99.14,1
12/25/2013,12/25/2013,1734.192,99.12,1
12/25/2013,12/25/2013,1735.193,99.13,1
12/25/2013,12/25/2013,1735.194,99.13,1
12/25/2013,12/25/2013,1738.195,99.14,1
12/25/2013,12/25/2013,1738.196,99.14,1
12/25/2013,12/25/2013,1739.197,99.15,1
12/25/2013,12/25/2013,1739.198,99.15,1
12/25/2013,12/25/2013,1739.199,99.15,1
12/25/2013,12/25/2013,1739.200,99.15,1
12/25/2013,12/25/2013,1739.201,99.15,1
12/25/2013,12/25/2013,1739.202,99.15,2
12/25/2013,12/25/2013,1739.203,99.15,1
12/25/2013,12/25/2013,1739.204,99.16,1
12/25/2013,12/25/2013,1739.205,99.16,4
12/25/2013,12/25/2013,1740.206,99.15,1
12/25/2013,12/25/2013,1741.207,99.14,1
12/25/2013,12/25/2013,1742.208,99.15,1
12/25/2013,12/25/2013,1742.209,99.15,1
12/25/2013,12/25/2013,1742.210,99.15,1
12/25/2013,12/25/2013,1742.211,99.16,1
12/25/2013,12/25/2013,1742.212,99.18,1
12/25/2013,12/25/2013,1742.213,99.19,1
12/25/2013,12/25/2013,1743.214,99.19,1
12/25/2013,12/25/2013,1743.215,99.19,2
12/25/2013,12/25/2013,1743.216,99.19,1
12/25/2013,12/25/2013,1743.217,99.20,3
12/25/2013,12/25/2013,1743.218,99.20,1
12/25/2013,12/25/2013,1743.219,99.20,1
12/25/2013,12/25/2013,1743.220,99.20,2
12/25/2013,12/25/2013,1744.221,99.21,1
12/25/2013,12/25/2013,1744.222,99.22,3
12/25/2013,12/25/2013,1744.223,99.22,3
12/25/2013,12/25/2013,1744.224,99.22,1
12/25/2013,12/25/2013,1744.225,99.22,1
12/25/2013,12/25/2013,1744.226,99.23,3
12/25/2013,12/25/2013,1744.227,99.23,5
12/25/2013,12/25/2013,1744.228,99.23,1
12/25/2013,12/25/2013,1744.229,99.23,1
12/25/2013,12/25/2013,1744.230,99.23,1
12/25/2013,12/25/2013,1744.231,99.23,1
12/25/2013,12/25/2013,1744.232,99.23,1
12/25/2013,12/25/2013,1744.233,99.23,1
12/25/2013,12/25/2013,1744.234,99.19,1
12/25/2013,12/25/2013,1744.235,99.19,1
12/25/2013,12/25/2013,1744.236,99.18,1
12/25/2013,12/25/2013,1744.237,99.18,1
12/25/2013,12/25/2013,1744.238,99.18,4
12/25/2013,12/25/2013,1745.239,99.19,1
12/25/2013,12/25/2013,1746.240,99.21,2
12/25/2013,12/25/2013,1746.241,99.21,1
12/25/2013,12/25/2013,1746.242,99.21,1
12/25/2013,12/25/2013,1748.243,99.21,2
12/25/2013,12/25/2013,1749.244,99.21,1
12/25/2013,12/25/2013,1749.245,99.21,1
12/25/2013,12/25/2013,1749.246,99.20,1
12/25/2013,12/25/2013,1749.247,99.20,4
12/25/2013,12/25/2013,1749.248,99.20,2
12/25/2013,12/25/2013,1749.249,99.20,3
12/25/2013,12/25/2013,1752.250,99.20,1
12/25/2013,12/25/2013,1752.251,99.20,1
12/25/2013,12/25/2013,1753.252,99.21,1
12/25/2013,12/25/2013,1753.253,99.21,1
12/25/2013,12/25/2013,1753.254,99.21,1
12/25/2013,12/25/2013,1754.255,99.21,1
12/25/2013,12/25/2013,1754.256,99.21,1
12/25/2013,12/25/2013,1754.257,99.21,1
12/25/2013,12/25/2013,1754.258,99.21,1
12/25/2013,12/25/2013,1755.259,99.21,1
12/25/2013,12/25/2013,1755.260,99.21,1
12/25/2013,12/25/2013,1755.261,99.20,1
12/25/2013,12/25/2013,1755.262,99.20,1
12/25/2013,12/25/2013,1755.263,99.21,1
12/25/2013,12/25/2013,1756.264,99.20,1
12/25/2013,12/25/2013,1756.265,99.19,1
12/25/2013,12/25/2013,1758.266,99.18,1
12/25/2013,12/25/2013,1758.267,99.18,1
12/25/2013,12/25/2013,1800.268,99.18,1
12/25/2013,12/25/2013,1800.269,99.16,1
12/25/2013,12/25/2013,1800.270,99.16,1
12/25/2013,12/25/2013,1800.271,99.16,1
12/25/2013,12/25/2013,1801.272,99.17,1
12/25/2013,12/25/2013,1801.273,99.17,1
12/25/2013,12/25/2013,1802.274,99.17,1
12/25/2013,12/25/2013,1802.275,99.18,1
12/25/2013,12/25/2013,1805.276,99.18,1
12/25/2013,12/25/2013,1806.277,99.16,1
12/25/2013,12/25/2013,1806.278,99.16,1
12/25/2013,12/25/2013,1806.279,99.16,1
12/25/2013,12/25/2013,1806.280,99.15,3
12/25/2013,12/25/2013,1806.281,99.14,1
12/25/2013,12/25/2013,1806.282,99.14,1
12/25/2013,12/25/2013,1806.283,99.15,2
12/25/2013,12/25/2013,1806.284,99.15,1
12/25/2013,12/25/2013,1806.285,99.15,1
12/25/2013,12/25/2013,1806.286,99.15,1
12/25/2013,12/25/2013,1807.287,99.15,1
12/25/2013,12/25/2013,1808.288,99.15,1
12/25/2013,12/25/2013,1809.289,99.16,1
12/25/2013,12/25/2013,1810.290,99.16,1
12/25/2013,12/25/2013,1811.291,99.17,1
12/25/2013,12/25/2013,1812.292,99.15,1
12/25/2013,12/25/2013,1812.293,99.14,1
12/25/2013,12/25/2013,1812.294,99.14,1
12/25/2013,12/25/2013,1812.295,99.15,2
12/25/2013,12/25/2013,1812.296,99.15,1
12/25/2013,12/25/2013,1812.297,99.15,1
12/25/2013,12/25/2013,1812.298,99.15,1
12/25/2013,12/25/2013,1812.299,99.15,4
12/25/2013,12/25/2013,1813.300,99.17,1
12/25/2013,12/25/2013,1813.301,99.17,1
12/25/2013,12/25/2013,1813.302,99.18,1
12/25/2013,12/25/2013,1813.303,99.18,1
12/25/2013,12/25/2013,1813.304,99.18,1
12/25/2013,12/25/2013,1813.305,99.17,1
12/25/2013,12/25/2013,1813.306,99.17,3
12/25/2013,12/25/2013,1813.307,99.16,1
12/25/2013,12/25/2013,1813.308,99.16,1
12/25/2013,12/25/2013,1813.309,99.16,3
12/25/2013,12/25/2013,1813.310,99.16,2
12/25/2013,12/25/2013,1815.311,99.16,1
12/25/2013,12/25/2013,1815.312,99.16,1
12/25/2013,12/25/2013,1815.313,99.16,1
12/25/2013,12/25/2013,1815.314,99.16,1
12/25/2013,12/25/2013,1816.315,99.15,1
12/25/2013,12/25/2013,1816.316,99.15,4
12/25/2013,12/25/2013,1816.317,99.16,1
12/25/2013,12/25/2013,1817.318,99.17,1
12/25/2013,12/25/2013,1817.319,99.18,1
12/25/2013,12/25/2013,1817.320,99.18,1
12/25/2013,12/25/2013,1817.321,99.18,2
12/25/2013,12/25/2013,1817.322,99.19,1
12/25/2013,12/25/2013,1817.323,99.19,1
12/25/2013,12/25/2013,1817.324,99.19,1
12/25/2013,12/25/2013,1817.325,99.19,1
12/25/2013,12/25/2013,1818.326,99.20,1
12/25/2013,12/25/2013,1818.327,99.21,1
12/25/2013,12/25/2013,1818.328,99.21,1
12/25/2013,12/25/2013,1818.329,99.21,1
12/25/2013,12/25/2013,1818.330,99.21,2
12/25/2013,12/25/2013,1818.331,99.20,1
12/25/2013,12/25/2013,1818.332,99.20,1
12/25/2013,12/25/2013,1818.333,99.20,1
12/25/2013,12/25/2013,1818.334,99.20,6
12/25/2013,12/25/2013,1820.335,99.20,2
12/25/2013,12/25/2013,1820.336,99.20,1
12/25/2013,12/25/2013,1820.337,99.20,1
12/25/2013,12/25/2013,1820.338,99.20,1
12/25/2013,12/25/2013,1820.339,99.20,1
12/25/2013,12/25/2013,1821.340,99.20,1
12/25/2013,12/25/2013,1821.341,99.21,1
12/25/2013,12/25/2013,1821.342,99.20,1
12/25/2013,12/25/2013,1821.343,99.20,1
12/25/2013,12/25/2013,1821.344,99.21,2
12/25/2013,12/25/2013,1821.345,99.20,1
12/25/2013,12/25/2013,1822.346,99.21,1
12/25/2013,12/25/2013,1824.347,99.21,1
12/25/2013,12/25/2013,1824.348,99.22,1
12/25/2013,12/25/2013,1825.349,99.22,1
12/25/2013,12/25/2013,1825.350,99.22,1
12/25/2013,12/25/2013,1825.351,99.23,2
12/25/2013,12/25/2013,1825.352,99.23,1
12/25/2013,12/25/2013,1825.353,99.23,2
12/25/2013,12/25/2013,1825.354,99.24,1
12/25/2013,12/25/2013,1825.355,99.24,1
12/25/2013,12/25/2013,1826.356,99.24,1
12/25/2013,12/25/2013,1826.357,99.25,1
12/25/2013,12/25/2013,1826.358,99.25,1
12/25/2013,12/25/2013,1827.359,99.24,1
12/25/2013,12/25/2013,1827.360,99.25,1
12/25/2013,12/25/2013,1828.361,99.25,2
12/25/2013,12/25/2013,1829.362,99.25,2
12/25/2013,12/25/2013,1829.363,99.25,1
12/25/2013,12/25/2013,1829.364,99.25,2
12/25/2013,12/25/2013,1829.365,99.25,1
12/25/2013,12/25/2013,1829.366,99.25,1
12/25/2013,12/25/2013,1829.367,99.25,1
12/25/2013,12/25/2013,1829.368,99.26,1
12/25/2013,12/25/2013,1829.369,99.26,1
12/25/2013,12/25/2013,1829.370,99.26,1
12/25/2013,12/25/2013,1829.371,99.26,1
12/25/2013,12/25/2013,1829.372,99.27,4
12/25/2013,12/25/2013,1829.373,99.27,5
12/25/2013,12/25/2013,1829.374,99.27,2
12/25/2013,12/25/2013,1829.375,99.27,2
12/25/2013,12/25/2013,1829.376,99.27,1
12/25/2013,12/25/2013,1829.377,99.28,1
12/25/2013,12/25/2013,1829.378,99.28,1
12/25/2013,12/25/2013,1829.379,99.28,1
12/25/2013,12/25/2013,1829.380,99.29,1
12/25/2013,12/25/2013,1829.381,99.29,1
12/25/2013,12/25/2013,1829.382,99.29,1
12/25/2013,12/25/2013,1829.383,99.29,1
12/25/2013,12/25/2013,1829.384,99.29,1
12/25/2013,12/25/2013,1829.385,99.29,1
12/25/2013,12/25/2013,1829.386,99.30,1
12/25/2013,12/25/2013,1829.387,99.30,1
12/25/2013,12/25/2013,1829.388,99.30,1
12/25/2013,12/25/2013,1829.389,99.30,1
12/25/2013,12/25/2013,1829.390,99.31,1
12/25/2013,12/25/2013,1829.391,99.31,1
12/25/2013,12/25/2013,1829.392,99.31,1
12/25/2013,12/25/2013,1829.393,99.32,1
12/25/2013,12/25/2013,1829.394,99.32,1
12/25/2013,12/25/2013,1829.395,99.32,1
12/25/2013,12/25/2013,1829.396,99.32,2
12/25/2013,12/25/2013,1829.397,99.32,1
12/25/2013,12/25/2013,1829.398,99.32,1
12/25/2013,12/25/2013,1829.399,99.32,1
12/25/2013,12/25/2013,1829.400,99.32,1
12/25/2013,12/25/2013,1829.401,99.32,1
12/25/2013,12/25/2013,1829.402,99.33,1
12/25/2013,12/25/2013,1829.403,99.33,2
12/25/2013,12/25/2013,1829.404,99.33,1
12/25/2013,12/25/2013,1829.405,99.33,1
12/25/2013,12/25/2013,1829.406,99.33,1
12/25/2013,12/25/2013,1829.407,99.33,1
12/25/2013,12/25/2013,1829.408,99.33,1
12/25/2013,12/25/2013,1829.409,99.34,1
12/25/2013,12/25/2013,1829.410,99.34,1
12/25/2013,12/25/2013,1829.411,99.34,1
12/25/2013,12/25/2013,1829.412,99.34,1
12/25/2013,12/25/2013,1829.413,99.34,1
12/25/2013,12/25/2013,1829.414,99.34,1
12/25/2013,12/25/2013,1829.415,99.34,1
12/25/2013,12/25/2013,1829.416,99.35,1
12/25/2013,12/25/2013,1829.417,99.35,1
12/25/2013,12/25/2013,1829.418,99.35,1
12/25/2013,12/25/2013,1829.419,99.35,1
12/25/2013,12/25/2013,1829.420,99.35,1
12/25/2013,12/25/2013,1829.421,99.35,1
12/25/2013,12/25/2013,1829.422,99.35,1
12/25/2013,12/25/2013,1829.423,99.36,1
12/25/2013,12/25/2013,1829.424,99.36,1
12/25/2013,12/25/2013,1829.425,99.36,1
12/25/2013,12/25/2013,1829.426,99.36,1
12/25/2013,12/25/2013,1829.427,99.36,1
12/25/2013,12/25/2013,1829.428,99.37,1
12/25/2013,12/25/2013,1829.429,99.37,1
12/25/2013,12/25/2013,1829.430,99.37,2
12/25/2013,12/25/2013,1829.431,99.38,1
12/25/2013,12/25/2013,1829.432,99.38,1
12/25/2013,12/25/2013,1829.433,99.38,1
12/25/2013,12/25/2013,1829.434,99.38,1
12/25/2013,12/25/2013,1829.435,99.38,1
12/25/2013,12/25/2013,1829.436,99.38,1
12/25/2013,12/25/2013,1829.437,99.39,1
12/25/2013,12/25/2013,1829.438,99.39,1
12/25/2013,12/25/2013,1829.439,99.39,1
12/25/2013,12/25/2013,1829.440,99.39,1
12/25/2013,12/25/2013,1829.441,99.39,1
12/25/2013,12/25/2013,1829.442,99.39,1
12/25/2013,12/25/2013,1829.443,99.40,1
12/25/2013,12/25/2013,1829.444,99.40,1
12/25/2013,12/25/2013,1829.445,99.40,2
12/25/2013,12/25/2013,1829.446,99.40,1
12/25/2013,12/25/2013,1829.447,99.40,13
12/25/2013,12/25/2013,1829.448,99.40,1
12/25/2013,12/25/2013,1829.449,99.38,1
12/25/2013,12/25/2013,1829.450,99.38,1
12/25/2013,12/25/2013,1829.451,99.38,1
12/25/2013,12/25/2013,1829.452,99.39,1
12/25/2013,12/25/2013,1829.453,99.39,3
12/25/2013,12/25/2013,1829.454,99.40,1
12/25/2013,12/25/2013,1829.455,99.40,1
12/25/2013,12/25/2013,1829.456,99.36,1
12/25/2013,12/25/2013,1829.457,99.40,1
12/25/2013,12/25/2013,1829.458,99.40,1
12/25/2013,12/25/2013,1829.459,99.37,1
12/25/2013,12/25/2013,1829.460,99.38,1
12/25/2013,12/25/2013,1829.461,99.37,1
12/25/2013,12/25/2013,1829.462,99.38,1
12/25/2013,12/25/2013,1829.463,99.37,1
12/25/2013,12/25/2013,1829.464,99.37,1
12/25/2013,12/25/2013,1829.465,99.37,1
12/25/2013,12/25/2013,1829.466,99.37,1
12/25/2013,12/25/2013,1829.467,99.36,1
12/25/2013,12/25/2013,1829.468,99.36,1
12/25/2013,12/25/2013,1829.469,99.37,1
12/25/2013,12/25/2013,1829.470,99.36,1
12/25/2013,12/25/2013,1829.471,99.36,1
12/25/2013,12/25/2013,1829.472,99.38,1
12/25/2013,12/25/2013,1830.473,99.38,1
12/25/2013,12/25/2013,1830.474,99.38,1
12/25/2013,12/25/2013,1830.475,99.39,1
12/25/2013,12/25/2013,1830.476,99.39,1
12/25/2013,12/25/2013,1830.477,99.39,1
12/25/2013,12/25/2013,1830.478,99.39,1
12/25/2013,12/25/2013,1830.479,99.39,1
12/25/2013,12/25/2013,1830.480,99.39,1
12/25/2013,12/25/2013,1830.481,99.40,1
12/25/2013,12/25/2013,1830.482,99.39,1
12/25/2013,12/25/2013,1830.483,99.40,1
12/25/2013,12/25/2013,1830.484,99.40,1
12/25/2013,12/25/2013,1830.485,99.40,1
12/25/2013,12/25/2013,1830.486,99.40,1
12/25/2013,12/25/2013,1830.487,99.40,1
12/25/2013,12/25/2013,1830.488,99.40,1
12/25/2013,12/25/2013,1830.489,99.40,2
12/25/2013,12/25/2013,1830.490,99.40,1
12/25/2013,12/25/2013,1830.491,99.40,4
12/25/2013,12/25/2013,1830.492,99.40,3
12/25/2013,12/25/2013,1830.493,99.38,1
12/25/2013,12/25/2013,1830.494,99.38,1
12/25/2013,12/25/2013,1830.495,99.38,1
12/25/2013,12/25/2013,1830.496,99.38,1
12/25/2013,12/25/2013,1830.497,99.39,1
12/25/2013,12/25/2013,1830.498,99.39,1
12/25/2013,12/25/2013,1830.499,99.40,1
12/25/2013,12/25/2013,1830.500,99.39,1
12/25/2013,12/25/2013,1830.501,99.39,1
12/25/2013,12/25/2013,1830.502,99.40,1
12/25/2013,12/25/2013,1830.503,99.40,2
12/25/2013,12/25/2013,1830.504,99.40,10
12/25/2013,12/25/2013,1830.505,99.40,6
12/25/2013,12/25/2013,1830.506,99.40,1
12/25/2013,12/25/2013,1830.507,99.40,3
12/25/2013,12/25/2013,1830.508,99.40,1
12/25/2013,12/25/2013,1830.509,99.40,2
12/25/2013,12/25/2013,1830.510,99.40,7
12/25/2013,12/25/2013,1830.511,99.40,4
12/25/2013,12/25/2013,1830.512,99.40,1
12/25/2013,12/25/2013,1830.513,99.41,1
12/25/2013,12/25/2013,1830.514,99.41,1
12/25/2013,12/25/2013,1830.515,99.41,1
12/25/2013,12/25/2013,1830.516,99.42,1
12/25/2013,12/25/2013,1830.517,99.42,1
12/25/2013,12/25/2013,1830.518,99.42,1
12/25/2013,12/25/2013,1830.519,99.42,2
12/25/2013,12/25/2013,1830.520,99.43,1
12/25/2013,12/25/2013,1830.521,99.43,1
12/25/2013,12/25/2013,1830.522,99.43,1
12/25/2013,12/25/2013,1830.523,99.41,1
12/25/2013,12/25/2013,1830.524,99.41,1
12/25/2013,12/25/2013,1830.525,99.42,1
12/25/2013,12/25/2013,1830.526,99.42,1
12/25/2013,12/25/2013,1830.527,99.43,1
12/25/2013,12/25/2013,1830.528,99.43,1
12/25/2013,12/25/2013,1830.529,99.44,1
12/25/2013,12/25/2013,1830.530,99.44,1
12/25/2013,12/25/2013,1830.531,99.45,1
12/25/2013,12/25/2013,1830.532,99.45,1
12/25/2013,12/25/2013,1830.533,99.45,1
12/25/2013,12/25/2013,1830.534,99.45,1
12/25/2013,12/25/2013,1830.535,99.45,1
12/25/2013,12/25/2013,1830.536,99.46,2
12/25/2013,12/25/2013,1830.537,99.46,1
12/25/2013,12/25/2013,1830.538,99.46,3
12/25/2013,12/25/2013,1830.539,99.46,1
12/25/2013,12/25/2013,1830.540,99.47,1
12/25/2013,12/25/2013,1830.541,99.47,1
12/25/2013,12/25/2013,1830.542,99.47,2
12/25/2013,12/25/2013,1830.543,99.47,1
12/25/2013,12/25/2013,1830.544,99.48,1
12/25/2013,12/25/2013,1830.545,99.48,5
12/25/2013,12/25/2013,1830.546,99.48,1
12/25/2013,12/25/2013,1830.547,99.48,1
12/25/2013,12/25/2013,1830.548,99.48,2
12/25/2013,12/25/2013,1830.549,99.48,1
12/25/2013,12/25/2013,1830.550,99.49,1
12/25/2013,12/25/2013,1830.551,99.49,1
12/25/2013,12/25/2013,1830.552,99.49,1
12/25/2013,12/25/2013,1830.553,99.48,1
12/25/2013,12/25/2013,1830.554,99.49,1
12/25/2013,12/25/2013,1830.555,99.49,1
12/25/2013,12/25/2013,1830.556,99.49,2
12/25/2013,12/25/2013,1830.557,99.49,1
12/25/2013,12/25/2013,1830.558,99.49,1
12/25/2013,12/25/2013,1830.559,99.49,1
12/25/2013,12/25/2013,1830.560,99.49,1
12/25/2013,12/25/2013,1830.561,99.49,1
12/25/2013,12/25/2013,1830.562,99.49,4
12/25/2013,12/25/2013,1830.563,99.50,1
12/25/2013,12/25/2013,1830.564,99.50,10
12/25/2013,12/25/2013,1830.565,99.50,2
12/25/2013,12/25/2013,1830.566,99.50,1
12/25/2013,12/25/2013,1830.567,99.50,1
12/25/2013,12/25/2013,1830.568,99.50,1
12/25/2013,12/25/2013,1830.569,99.50,1
12/25/2013,12/25/2013,1830.570,99.50,1
12/25/2013,12/25/2013,1830.571,99.50,1
12/25/2013,12/25/2013,1830.572,99.50,1
12/25/2013,12/25/2013,1830.573,99.50,1
12/25/2013,12/25/2013,1830.574,99.50,1
12/25/2013,12/25/2013,1830.575,99.50,3
12/25/2013,12/25/2013,1830.576,99.50,1
12/25/2013,12/25/2013,1830.577,99.50,1
12/25/2013,12/25/2013,1830.578,99.50,10
12/25/2013,12/25/2013,1830.579,99.50,1
12/25/2013,12/25/2013,1830.580,99.50,1
12/25/2013,12/25/2013,1830.581,99.50,10
12/25/2013,12/25/2013,1830.582,99.50,10
12/25/2013,12/25/2013,1830.583,99.50,2
12/25/2013,12/25/2013,1830.584,99.50,8
12/25/2013,12/25/2013,1830.585,99.50,10
12/25/2013,12/25/2013,1830.586,99.50,10
12/25/2013,12/25/2013,1830.587,99.50,10
12/25/2013,12/25/2013,1830.588,99.50,10
12/25/2013,12/25/2013,1830.589,99.50,2
12/25/2013,12/25/2013,1830.590,99.50,1
12/25/2013,12/25/2013,1830.591,99.50,1
12/25/2013,12/25/2013,1830.592,99.50,1
12/25/2013,12/25/2013,1830.593,99.50,1
12/25/2013,12/25/2013,1830.594,99.50,1
12/25/2013,12/25/2013,1830.595,99.50,2
12/25/2013,12/25/2013,1830.596,99.50,1
12/25/2013,12/25/2013,1830.597,99.51,1
12/25/2013,12/25/2013,1830.598,99.51,1
12/25/2013,12/25/2013,1830.599,99.51,1
12/25/2013,12/25/2013,1830.600,99.52,1
12/25/2013,12/25/2013,1830.601,99.53,1
12/25/2013,12/25/2013,1830.602,99.54,1
12/25/2013,12/25/2013,1830.603,99.54,1
12/25/2013,12/25/2013,1830.604,99.54,1
12/25/2013,12/25/2013,1830.605,99.54,1
12/25/2013,12/25/2013,1830.606,99.55,1
12/25/2013,12/25/2013,1830.607,99.55,1
12/25/2013,12/25/2013,1830.608,99.55,1
12/25/2013,12/25/2013,1830.609,99.56,1
12/25/2013,12/25/2013,1830.610,99.56,1
12/25/2013,12/25/2013,1830.611,99.56,3
12/25/2013,12/25/2013,1830.612,99.57,1
12/25/2013,12/25/2013,1830.613,99.57,2
12/25/2013,12/25/2013,1830.614,99.58,2
12/25/2013,12/25/2013,1830.615,99.58,2
12/25/2013,12/25/2013,1830.616,99.58,3
12/25/2013,12/25/2013,1830.617,99.58,5
12/25/2013,12/25/2013,1830.618,99.48,1
12/25/2013,12/25/2013,1830.619,99.48,1
12/25/2013,12/25/2013,1830.620,99.55,1
12/25/2013,12/25/2013,1830.621,99.48,1
12/25/2013,12/25/2013,1830.622,99.54,2
12/25/2013,12/25/2013,1830.623,99.55,1
12/25/2013,12/25/2013,1830.624,99.57,1
12/25/2013,12/25/2013,1830.625,99.58,1
12/25/2013,12/25/2013,1830.626,99.58,1
12/25/2013,12/25/2013,1830.627,99.58,2
12/25/2013,12/25/2013,1830.628,99.58,1
12/25/2013,12/25/2013,1830.629,99.58,1
12/25/2013,12/25/2013,1830.630,99.59,1
12/25/2013,12/25/2013,1830.631,99.59,2
12/25/2013,12/25/2013,1830.632,99.59,3
12/25/2013,12/25/2013,1830.633,99.59,4
12/25/2013,12/25/2013,1830.634,99.59,1
12/25/2013,12/25/2013,1830.635,99.60,2
12/25/2013,12/25/2013,1830.636,99.60,1
12/25/2013,12/25/2013,1830.637,99.60,1
12/25/2013,12/25/2013,1830.638,99.60,1
12/25/2013,12/25/2013,1830.639,99.60,1
12/25/2013,12/25/2013,1830.640,99.60,1
12/25/2013,12/25/2013,1830.641,99.60,1
12/25/2013,12/25/2013,1830.642,99.60,1
12/25/2013,12/25/2013,1830.643,99.54,1
12/25/2013,12/25/2013,1830.644,99.54,1
12/25/2013,12/25/2013,1830.645,99.55,1
12/25/2013,12/25/2013,1830.646,99.60,1
12/25/2013,12/25/2013,1830.647,99.60,6
12/25/2013,12/25/2013,1830.648,99.60,1
12/25/2013,12/25/2013,1830.649,99.58,1
12/25/2013,12/25/2013,1830.650,99.60,4
12/25/2013,12/25/2013,1830.651,99.60,1
12/25/2013,12/25/2013,1830.652,99.60,2
12/25/2013,12/25/2013,1830.653,99.60,1
12/25/2013,12/25/2013,1830.654,99.60,1
12/25/2013,12/25/2013,1830.655,99.61,2
12/25/2013,12/25/2013,1830.656,99.61,1
12/25/2013,12/25/2013,1830.657,99.61,1
12/25/2013,12/25/2013,1830.658,99.61,1
12/25/2013,12/25/2013,1830.659,99.62,4
12/25/2013,12/25/2013,1830.660,99.62,1
12/25/2013,12/25/2013,1830.661,99.62,5
12/25/2013,12/25/2013,1830.662,99.62,2
12/25/2013,12/25/2013,1830.663,99.62,2
12/25/2013,12/25/2013,1830.664,99.63,2
12/25/2013,12/25/2013,1830.665,99.63,1
12/25/2013,12/25/2013,1830.666,99.63,1
12/25/2013,12/25/2013,1830.667,99.63,2
12/25/2013,12/25/2013,1830.668,99.63,2
12/25/2013,12/25/2013,1830.669,99.63,1
12/25/2013,12/25/2013,1830.670,99.63,1
12/25/2013,12/25/2013,1830.671,99.63,1
12/25/2013,12/25/2013,1830.672,99.63,1
12/25/2013,12/25/2013,1830.673,99.63,1
12/25/2013,12/25/2013,1830.674,99.64,1
12/25/2013,12/25/2013,1830.675,99.64,1
12/25/2013,12/25/2013,1830.676,99.64,1
12/25/2013,12/25/2013,1830.677,99.64,1
12/25/2013,12/25/2013,1830.678,99.65,1
12/25/2013,12/25/2013,1830.679,99.65,4
12/25/2013,12/25/2013,1830.680,99.65,2
12/25/2013,12/25/2013,1830.681,99.65,1
12/25/2013,12/25/2013,1830.682,99.57,1
12/25/2013,12/25/2013,1830.683,99.54,1
12/25/2013,12/25/2013,1830.684,99.65,1
12/25/2013,12/25/2013,1830.685,99.53,1
12/25/2013,12/25/2013,1830.686,99.55,1
12/25/2013,12/25/2013,1830.687,99.61,1
12/25/2013,12/25/2013,1830.688,99.61,1
12/25/2013,12/25/2013,1830.689,99.61,2
12/25/2013,12/25/2013,1830.690,99.54,1
12/25/2013,12/25/2013,1830.691,99.56,1
12/25/2013,12/25/2013,1830.692,99.56,1
12/25/2013,12/25/2013,1830.693,99.56,1
12/25/2013,12/25/2013,1830.694,99.54,1
12/25/2013,12/25/2013,1830.695,99.55,1
12/25/2013,12/25/2013,1830.696,99.55,1
12/25/2013,12/25/2013,1830.697,99.55,1
12/25/2013,12/25/2013,1830.698,99.55,1
12/25/2013,12/25/2013,1830.699,99.55,1
12/25/2013,12/25/2013,1830.700,99.54,1
12/25/2013,12/25/2013,1830.701,99.54,1
12/25/2013,12/25/2013,1830.702,99.54,1
12/25/2013,12/25/2013,1830.703,99.52,1
12/25/2013,12/25/2013,1830.704,99.51,1
12/25/2013,12/25/2013,1830.705,99.50,1
12/25/2013,12/25/2013,1830.706,99.50,1
12/25/2013,12/25/2013,1830.707,99.50,3
12/25/2013,12/25/2013,1830.708,99.50,1
12/25/2013,12/25/2013,1830.709,99.50,1
12/25/2013,12/25/2013,1830.710,99.52,1
12/25/2013,12/25/2013,1831.711,99.52,1
12/25/2013,12/25/2013,1831.712,99.52,2
12/25/2013,12/25/2013,1831.713,99.52,1
12/25/2013,12/25/2013,1831.714,99.51,1
12/25/2013,12/25/2013,1831.715,99.54,1
12/25/2013,12/25/2013,1831.716,99.53,1
12/25/2013,12/25/2013,1831.717,99.53,1
12/25/2013,12/25/2013,1831.718,99.53,1
12/25/2013,12/25/2013,1831.719,99.55,1
12/25/2013,12/25/2013,1831.720,99.55,1
12/25/2013,12/25/2013,1831.721,99.58,1
12/25/2013,12/25/2013,1831.722,99.58,1
12/25/2013,12/25/2013,1831.723,99.57,1
12/25/2013,12/25/2013,1831.724,99.54,1
12/25/2013,12/25/2013,1831.725,99.57,1
12/25/2013,12/25/2013,1831.726,99.57,1
12/25/2013,12/25/2013,1831.727,99.58,1
12/25/2013,12/25/2013,1831.728,99.58,1
12/25/2013,12/25/2013,1831.729,99.57,1
12/25/2013,12/25/2013,1831.730,99.57,1
12/25/2013,12/25/2013,1832.731,99.58,1
12/25/2013,12/25/2013,1832.732,99.57,1
12/25/2013,12/25/2013,1832.733,99.56,1
12/25/2013,12/25/2013,1832.734,99.54,1
12/25/2013,12/25/2013,1832.735,99.57,1
12/25/2013,12/25/2013,1832.736,99.56,1
12/25/2013,12/25/2013,1832.737,99.57,1
12/25/2013,12/25/2013,1832.738,99.57,1
12/25/2013,12/25/2013,1832.739,99.58,1
12/25/2013,12/25/2013,1832.740,99.56,1
12/25/2013,12/25/2013,1832.741,99.56,1
12/25/2013,12/25/2013,1832.742,99.57,1
12/25/2013,12/25/2013,1833.743,99.56,1
12/25/2013,12/25/2013,1833.744,99.54,1
12/25/2013,12/25/2013,1833.745,99.54,1
12/25/2013,12/25/2013,1833.746,99.54,1
12/25/2013,12/25/2013,1833.747,99.53,1
12/25/2013,12/25/2013,1833.748,99.53,1
12/25/2013,12/25/2013,1833.749,99.52,1
12/25/2013,12/25/2013,1833.750,99.55,1
12/25/2013,12/25/2013,1833.751,99.55,1
12/25/2013,12/25/2013,1834.752,99.54,1
12/25/2013,12/25/2013,1834.753,99.54,1
12/25/2013,12/25/2013,1834.754,99.54,1
12/25/2013,12/25/2013,1834.755,99.52,1
12/25/2013,12/25/2013,1834.756,99.50,1
12/25/2013,12/25/2013,1834.757,99.48,1
12/25/2013,12/25/2013,1834.758,99.47,1
12/25/2013,12/25/2013,1834.759,99.47,1
12/25/2013,12/25/2013,1834.760,99.47,1
12/25/2013,12/25/2013,1834.761,99.47,1
12/25/2013,12/25/2013,1834.762,99.51,1
12/25/2013,12/25/2013,1835.763,99.49,1
12/25/2013,12/25/2013,1835.764,99.48,1
12/25/2013,12/25/2013,1835.765,99.48,1
12/25/2013,12/25/2013,1835.766,99.46,1
12/25/2013,12/25/2013,1835.767,99.46,1
12/25/2013,12/25/2013,1835.768,99.47,1
12/25/2013,12/25/2013,1836.769,99.47,1
12/25/2013,12/25/2013,1836.770,99.48,1
12/25/2013,12/25/2013,1836.771,99.46,1
12/25/2013,12/25/2013,1836.772,99.46,1
12/25/2013,12/25/2013,1836.773,99.46,1
12/25/2013,12/25/2013,1836.774,99.45,1
12/25/2013,12/25/2013,1836.775,99.46,1
12/25/2013,12/25/2013,1836.776,99.45,1
12/25/2013,12/25/2013,1836.777,99.45,1
12/25/2013,12/25/2013,1837.778,99.46,1
12/25/2013,12/25/2013,1837.779,99.46,1
12/25/2013,12/25/2013,1837.780,99.46,1
12/25/2013,12/25/2013,1837.781,99.46,1
12/25/2013,12/25/2013,1837.782,99.46,1
12/25/2013,12/25/2013,1837.783,99.45,1
12/25/2013,12/25/2013,1837.784,99.45,1
12/25/2013,12/25/2013,1837.785,99.45,1
12/25/2013,12/25/2013,1838.786,99.45,1
12/25/2013,12/25/2013,1838.787,99.46,1
12/25/2013,12/25/2013,1838.788,99.46,1
12/25/2013,12/25/2013,1838.789,99.47,1
12/25/2013,12/25/2013,1838.790,99.49,1
12/25/2013,12/25/2013,1838.791,99.49,1
12/25/2013,12/25/2013,1838.792,99.49,1
12/25/2013,12/25/2013,1838.793,99.49,1
12/25/2013,12/25/2013,1838.794,99.49,1
12/25/2013,12/25/2013,1839.795,99.50,1
12/25/2013,12/25/2013,1839.796,99.49,1
12/25/2013,12/25/2013,1839.797,99.49,1
12/25/2013,12/25/2013,1839.798,99.49,1
12/25/2013,12/25/2013,1840.799,99.49,1
12/25/2013,12/25/2013,1840.800,99.49,1
12/25/2013,12/25/2013,1840.801,99.49,1
12/25/2013,12/25/2013,1840.802,99.49,1
12/25/2013,12/25/2013,1840.803,99.49,1
12/25/2013,12/25/2013,1840.804,99.47,1
12/25/2013,12/25/2013,1840.805,99.47,1
12/25/2013,12/25/2013,1840.806,99.47,1
12/25/2013,12/25/2013,1840.807,99.46,1
12/25/2013,12/25/2013,1842.808,99.47,1
12/25/2013,12/25/2013,1842.809,99.47,1
12/25/2013,12/25/2013,1842.810,99.48,1
12/25/2013,12/25/2013,1842.811,99.48,1
12/25/2013,12/25/2013,1842.812,99.48,1
12/25/2013,12/25/2013,1843.813,99.49,1
12/25/2013,12/25/2013,1843.814,99.48,1
12/25/2013,12/25/2013,1844.815,99.47,1
12/25/2013,12/25/2013,1844.816,99.47,1
12/25/2013,12/25/2013,1844.817,99.46,1
12/25/2013,12/25/2013,1844.818,99.46,1
12/25/2013,12/25/2013,1845.819,99.46,1
12/25/2013,12/25/2013,1845.820,99.47,1
12/25/2013,12/25/2013,1845.821,99.47,1
12/25/2013,12/25/2013,1845.822,99.48,1
12/25/2013,12/25/2013,1845.823,99.46,1
12/25/2013,12/25/2013,1846.824,99.48,1
12/25/2013,12/25/2013,1846.825,99.48,1
12/25/2013,12/25/2013,1846.826,99.49,1
12/25/2013,12/25/2013,1846.827,99.50,1
12/25/2013,12/25/2013,1846.828,99.50,1
12/25/2013,12/25/2013,1846.829,99.50,1
12/25/2013,12/25/2013,1846.830,99.50,1
12/25/2013,12/25/2013,1846.831,99.50,1
12/25/2013,12/25/2013,1847.832,99.51,1
12/25/2013,12/25/2013,1847.833,99.51,1
12/25/2013,12/25/2013,1847.834,99.52,1
12/25/2013,12/25/2013,1847.835,99.54,1
12/25/2013,12/25/2013,1847.836,99.55,1
12/25/2013,12/25/2013,1847.837,99.52,1
12/25/2013,12/25/2013,1847.838,99.52,1
12/25/2013,12/25/2013,1847.839,99.49,2
12/25/2013,12/25/2013,1849.840,99.51,1
12/25/2013,12/25/2013,1849.841,99.50,1
12/25/2013,12/25/2013,1849.842,99.51,1
12/25/2013,12/25/2013,1849.843,99.50,2
12/25/2013,12/25/2013,1850.844,99.50,3
12/25/2013,12/25/2013,1850.845,99.49,2
12/25/2013,12/25/2013,1850.846,99.49,4
12/25/2013,12/25/2013,1850.847,99.49,4
12/25/2013,12/25/2013,1850.848,99.48,37
12/25/2013,12/25/2013,1850.849,99.49,1
12/25/2013,12/25/2013,1850.850,99.48,3
12/25/2013,12/25/2013,1851.851,99.49,1
12/25/2013,12/25/2013,1851.852,99.51,1
12/25/2013,12/25/2013,1851.853,99.51,1
12/25/2013,12/25/2013,1851.854,99.51,1
12/25/2013,12/25/2013,1852.855,99.51,1
12/25/2013,12/25/2013,1853.856,99.52,1
12/25/2013,12/25/2013,1854.857,99.52,1
12/25/2013,12/25/2013,1854.858,99.52,1
12/25/2013,12/25/2013,1854.859,99.51,6
12/25/2013,12/25/2013,1854.860,99.50,8
12/25/2013,12/25/2013,1854.861,99.50,1
12/25/2013,12/25/2013,1854.862,99.52,1
12/25/2013,12/25/2013,1855.863,99.49,3
12/25/2013,12/25/2013,1855.864,99.48,1
12/25/2013,12/25/2013,1855.865,99.48,2
12/25/2013,12/25/2013,1855.866,99.45,1
12/25/2013,12/25/2013,1855.867,99.44,1
12/25/2013,12/25/2013,1855.868,99.47,1
12/25/2013,12/25/2013,1855.869,99.45,1
12/25/2013,12/25/2013,1856.870,99.44,1
12/25/2013,12/25/2013,1856.871,99.42,1
12/25/2013,12/25/2013,1856.872,99.42,1
12/25/2013,12/25/2013,1856.873,99.42,1
12/25/2013,12/25/2013,1856.874,99.43,1
12/25/2013,12/25/2013,1856.875,99.43,1
12/25/2013,12/25/2013,1856.876,99.44,1
12/25/2013,12/25/2013,1856.877,99.43,1
12/25/2013,12/25/2013,1856.878,99.43,1
12/25/2013,12/25/2013,1857.879,99.43,1
12/25/2013,12/25/2013,1857.880,99.43,1
12/25/2013,12/25/2013,1857.881,99.44,2
12/25/2013,12/25/2013,1857.882,99.44,1
12/25/2013,12/25/2013,1858.883,99.45,1
12/25/2013,12/25/2013,1858.884,99.46,1
12/25/2013,12/25/2013,1858.885,99.46,1
12/25/2013,12/25/2013,1858.886,99.45,2
12/25/2013,12/25/2013,1859.887,99.45,1
12/25/2013,12/25/2013,1859.888,99.45,1
12/25/2013,12/25/2013,1859.889,99.45,1
12/25/2013,12/25/2013,1859.890,99.45,4
12/25/2013,12/25/2013,1859.891,99.46,1
12/25/2013,12/25/2013,1859.892,99.45,1
12/25/2013,12/25/2013,1900.893,99.44,1
12/25/2013,12/25/2013,1900.894,99.44,1
12/25/2013,12/25/2013,1900.895,99.44,7
12/25/2013,12/25/2013,1900.896,99.44,1
12/25/2013,12/25/2013,1900.897,99.44,5
12/25/2013,12/25/2013,1900.898,99.44,1
12/25/2013,12/25/2013,1900.899,99.44,1
12/25/2013,12/25/2013,1901.900,99.44,1
12/25/2013,12/25/2013,1901.901,99.45,1
12/25/2013,12/25/2013,1901.902,99.45,1
12/25/2013,12/25/2013,1902.903,99.43,1
12/25/2013,12/25/2013,1902.904,99.43,1
12/25/2013,12/25/2013,1902.905,99.44,1
12/25/2013,12/25/2013,1902.906,99.44,1
12/25/2013,12/25/2013,1903.907,99.45,1
12/25/2013,12/25/2013,1903.908,99.45,3
12/25/2013,12/25/2013,1904.909,99.45,1
12/25/2013,12/25/2013,1905.910,99.45,2
12/25/2013,12/25/2013,1906.911,99.45,1
12/25/2013,12/25/2013,1906.912,99.45,1
12/25/2013,12/25/2013,1906.913,99.46,1
12/25/2013,12/25/2013,1906.914,99.46,1
12/25/2013,12/25/2013,1908.915,99.48,1
12/25/2013,12/25/2013,1908.916,99.49,1
12/25/2013,12/25/2013,1908.917,99.50,1
12/25/2013,12/25/2013,1908.918,99.50,1
12/25/2013,12/25/2013,1908.919,99.50,1
12/25/2013,12/25/2013,1908.920,99.50,2
12/25/2013,12/25/2013,1908.921,99.50,1
12/25/2013,12/25/2013,1908.922,99.50,1
12/25/2013,12/25/2013,1908.923,99.51,1
12/25/2013,12/25/2013,1908.924,99.51,1
12/25/2013,12/25/2013,1908.925,99.51,1
12/25/2013,12/25/2013,1908.926,99.52,1
12/25/2013,12/25/2013,1908.927,99.52,1
12/25/2013,12/25/2013,1908.928,99.51,1
12/25/2013,12/25/2013,1908.929,99.50,1
12/25/2013,12/25/2013,1909.930,99.50,1
12/25/2013,12/25/2013,1909.931,99.52,1
12/25/2013,12/25/2013,1910.932,99.53,1
12/25/2013,12/25/2013,1910.933,99.53,1
12/25/2013,12/25/2013,1910.934,99.53,1
12/25/2013,12/25/2013,1910.935,99.54,1
12/25/2013,12/25/2013,1910.936,99.54,2
12/25/2013,12/25/2013,1910.937,99.54,1
12/25/2013,12/25/2013,1910.938,99.54,1
12/25/2013,12/25/2013,1910.939,99.54,1
12/25/2013,12/25/2013,1910.940,99.53,1
12/25/2013,12/25/2013,1910.941,99.52,2
12/25/2013,12/25/2013,1911.942,99.51,1
12/25/2013,12/25/2013,1911.943,99.51,1
12/25/2013,12/25/2013,1912.944,99.51,2
12/25/2013,12/25/2013,1912.945,99.51,1
12/25/2013,12/25/2013,1912.946,99.51,1
12/25/2013,12/25/2013,1912.947,99.50,1
12/25/2013,12/25/2013,1913.948,99.50,1
12/25/2013,12/25/2013,1913.949,99.51,2
12/25/2013,12/25/2013,1913.950,99.51,1
12/25/2013,12/25/2013,1913.951,99.50,1
12/25/2013,12/25/2013,1914.952,99.50,2
12/25/2013,12/25/2013,1914.953,99.50,1
12/25/2013,12/25/2013,1914.954,99.50,1
12/25/2013,12/25/2013,1914.955,99.50,1
12/25/2013,12/25/2013,1914.956,99.50,1
12/25/2013,12/25/2013,1914.957,99.50,1
12/25/2013,12/25/2013,1915.958,99.50,1
12/25/2013,12/25/2013,1915.959,99.50,1
12/25/2013,12/25/2013,1916.960,99.51,1
12/25/2013,12/25/2013,1916.961,99.50,1
12/25/2013,12/25/2013,1916.962,99.50,1
12/25/2013,12/25/2013,1918.963,99.50,1
12/25/2013,12/25/2013,1918.964,99.50,1
12/25/2013,12/25/2013,1918.965,99.50,1
12/25/2013,12/25/2013,1919.966,99.48,1
12/25/2013,12/25/2013,1919.967,99.48,1
12/25/2013,12/25/2013,1919.968,99.48,1
12/25/2013,12/25/2013,1919.969,99.49,1
12/25/2013,12/25/2013,1920.970,99.48,1
12/25/2013,12/25/2013,1920.971,99.49,1
12/25/2013,12/25/2013,1920.972,99.50,1
12/25/2013,12/25/2013,1920.973,99.50,1
12/25/2013,12/25/2013,1920.974,99.50,1
12/25/2013,12/25/2013,1920.975,99.51,12
12/25/2013,12/25/2013,1920.976,99.50,1
12/25/2013,12/25/2013,1920.977,99.51,1
12/25/2013,12/25/2013,1920.978,99.51,5
12/25/2013,12/25/2013,1920.979,99.51,4
12/25/2013,12/25/2013,1923.980,99.51,1
12/25/2013,12/25/2013,1923.981,99.51,4
12/25/2013,12/25/2013,1923.982,99.52,1
12/25/2013,12/25/2013,1923.983,99.52,1
12/25/2013,12/25/2013,1923.984,99.52,1
12/25/2013,12/25/2013,1924.985,99.52,1
12/25/2013,12/25/2013,1924.986,99.52,4
12/25/2013,12/25/2013,1924.987,99.52,1
12/25/2013,12/25/2013,1925.988,99.52,3
12/25/2013,12/25/2013,1926.989,99.54,1
12/25/2013,12/25/2013,1927.990,99.53,1
12/25/2013,12/25/2013,1927.991,99.54,1
12/25/2013,12/25/2013,1927.992,99.54,1
12/25/2013,12/25/2013,1927.993,99.54,1
12/25/2013,12/25/2013,1927.994,99.53,1
12/25/2013,12/25/2013,1927.995,99.54,1
12/25/2013,12/25/2013,1927.996,99.53,1
12/25/2013,12/25/2013,1927.997,99.53,3
12/25/2013,12/25/2013,1928.998,99.52,1
12/25/2013,12/25/2013,1928.999,99.52,1
12/25/2013,12/25/2013,1928.1000,99.51,1